"last_name, first_name",player_id,team_name_alt,pitch_type,pitch_name,run_value_per_100,run_value,pitches,pitch_usage,pa,ba,slg,woba,whiff_percent,k_percent,put_away,est_ba,est_slg,est_woba,hard_hit_percent
"Abbott, Andrew",671096,CIN,FF,4-Seam Fastball,2.0,1,45,54.2,16,0.267,0.267,0.262,4.3,12.5,13.3,0.226,0.255,0.25,30.8
"Pérez, Eury",691587,MIA,FF,4-Seam Fastball,1.9,1,43,46.2,15,0.2,0.4,0.253,23.1,33.3,38.5,0.243,0.51,0.318,70.0
"Lauer, Eric",641778,TOR,FF,4-Seam Fastball,3.4,2,52,59.8,15,0.143,0.357,0.24,38.7,53.3,36.4,0.109,0.251,0.188,33.3
"López, Reynaldo",625643,ATL,FF,4-Seam Fastball,4.4,2,41,53.2,15,0.143,0.357,0.24,8.0,13.3,28.6,0.219,0.456,0.312,25.0
"Misiorowski, Jacob",694819,MIL,FF,4-Seam Fastball,1.1,1,61,64.9,15,0.154,0.385,0.287,65.5,60.0,39.1,0.123,0.351,0.264,75.0
"Woo, Bryan",693433,SEA,FF,4-Seam Fastball,1.5,1,59,71.1,14,0.231,0.385,0.293,29.7,35.7,38.5,0.192,0.289,0.241,37.5
"Flaherty, Jack",656427,DET,FF,4-Seam Fastball,2.8,1,43,48.3,13,0.1,0.1,0.231,25.0,15.4,14.3,0.335,0.654,0.482,62.5
"Sale, Chris",519242,ATL,FF,4-Seam Fastball,1.4,1,43,48.9,13,0.273,0.273,0.315,22.7,23.1,27.3,0.37,0.475,0.418,50.0
"Ray, Robbie",592662,SF,FF,4-Seam Fastball,2.3,1,46,51.7,13,0.231,0.538,0.319,11.5,7.7,5.9,0.204,0.489,0.291,33.3
"Horton, Cade",690990,CHC,FF,4-Seam Fastball,2.5,1,34,45.3,12,0.25,0.5,0.345,21.1,16.7,25.0,0.382,0.509,0.386,40.0
"Vásquez, Randy",681190,SD,FF,4-Seam Fastball,7.8,2,27,29.7,12,0.091,0.091,0.133,35.3,50.0,60.0,0.192,0.295,0.247,40.0
"Liberatore, Matthew",669461,STL,FF,4-Seam Fastball,-1.7,0,28,35.9,12,0.4,0.4,0.417,6.3,0.0,0.0,0.281,0.344,0.343,50.0
"Rogers, Trevor",669432,BAL,FF,4-Seam Fastball,-3.0,-1,34,38.6,11,0.25,0.25,0.436,25.0,9.1,9.1,0.252,0.387,0.388,28.6
"Warren, Will",701542,NYY,FF,4-Seam Fastball,1.5,1,40,48.2,11,0.222,0.222,0.291,28.0,27.3,15.8,0.152,0.174,0.246,50.0
"Peralta, Freddy",642547,NYM,FF,4-Seam Fastball,-0.3,0,39,48.8,11,0.182,0.455,0.264,22.2,36.4,44.4,0.201,0.458,0.276,57.1
"Montgomery, Mason",682254,PIT,FF,4-Seam Fastball,2.1,1,35,56.5,11,0.125,0.125,0.273,37.5,45.5,41.7,0.208,0.372,0.371,66.7
"Williams, Gavin",668909,CLE,FF,4-Seam Fastball,-4.3,-1,29,32.6,11,0.143,0.571,0.436,33.3,18.2,25.0,0.247,0.7,0.505,40.0
"Fuentes, Didier",800311,ATL,FF,4-Seam Fastball,4.5,2,37,66.1,11,0.111,0.111,0.145,16.7,36.4,30.8,0.182,0.386,0.283,50.0
"Ragans, Cole",666142,KC,FF,4-Seam Fastball,-0.8,0,45,50.0,10,0.143,0.571,0.41,30.0,20.0,13.3,0.243,0.676,0.475,60.0
"Burke, Sean",680732,CWS,FF,4-Seam Fastball,-1.3,-1,42,46.2,10,0.444,0.556,0.465,7.7,20.0,11.1,0.222,0.522,0.352,42.9
"Hancock, Emerson",676106,SEA,FF,4-Seam Fastball,4.5,2,51,52.6,10,0.0,0.0,0.07,24.3,60.0,28.6,0.01,0.01,0.078,0.0
"Kirby, George",669923,SEA,FF,4-Seam Fastball,4.9,2,41,45.6,10,0.1,0.1,0.09,22.7,30.0,25.0,0.243,0.26,0.221,42.9
"Cantillo, Joey",676282,CLE,FF,4-Seam Fastball,1.9,1,42,46.2,10,0.222,0.222,0.25,12.5,20.0,15.4,0.24,0.449,0.333,14.3
"Morales, Luis",806960,ATH,FF,4-Seam Fastball,-12.2,-3,28,39.4,10,0.444,1.444,0.76,12.5,10.0,16.7,0.569,1.524,0.853,87.5
"Latz, Jacob",656641,TEX,FF,4-Seam Fastball,3.7,1,38,55.9,9,0.0,0.0,0.178,23.5,11.1,7.7,0.147,0.196,0.211,57.1
"Skubal, Tarik",669373,DET,FF,4-Seam Fastball,2.7,1,28,37.8,9,0.222,0.333,0.239,7.1,11.1,12.5,0.303,0.431,0.317,37.5
"Early, Connelly",813349,BOS,FF,4-Seam Fastball,3.7,1,38,39.6,9,0.125,0.125,0.178,9.5,11.1,10.0,0.311,0.728,0.466,71.4
"Gallen, Zac",668678,AZ,FF,4-Seam Fastball,3.1,1,35,46.1,9,0.222,0.222,0.2,0.0,0.0,0.0,0.443,0.616,0.455,33.3
"Luzardo, Jesús",666200,PHI,FF,4-Seam Fastball,-5.3,-1,26,26.3,9,0.375,0.75,0.5,23.1,11.1,11.1,0.197,0.431,0.311,14.3
"Kay, Anthony",641743,CWS,FF,4-Seam Fastball,-8.4,-3,32,34.8,9,0.429,1.143,0.656,20.0,22.2,16.7,0.394,0.848,0.56,60.0
"King, Bryan",687911,HOU,FF,4-Seam Fastball,4.7,1,28,53.8,9,0.125,0.125,0.178,20.0,44.4,36.4,0.109,0.119,0.168,50.0
"Pivetta, Nick",601713,SD,FF,4-Seam Fastball,-4.0,-1,33,47.8,9,0.429,0.571,0.494,25.0,11.1,11.1,0.358,0.741,0.515,33.3
"Stanek, Ryne",592773,STL,FF,4-Seam Fastball,-3.1,-1,30,56.6,9,0.429,0.429,0.456,43.8,22.2,25.0,0.318,0.374,0.389,60.0
"Santillan, Tony",663574,CIN,FF,4-Seam Fastball,-1.3,0,33,63.5,9,0.2,0.2,0.411,30.0,44.4,36.4,0.137,0.215,0.394,100.0
"Javier, Cristian",664299,HOU,FF,4-Seam Fastball,-5.6,-2,34,45.9,9,0.5,1.0,0.656,15.8,0.0,0.0,0.39,0.76,0.556,50.0
"Mikolas, Miles",571945,WSH,FF,4-Seam Fastball,-4.8,-1,22,22.7,9,0.286,0.286,0.456,30.0,22.2,28.6,0.19,0.223,0.3,80.0
"Keller, Mitch",656605,PIT,FF,4-Seam Fastball,6.8,2,26,33.8,9,0.111,0.111,0.1,5.9,0.0,0.0,0.225,0.329,0.239,55.6
"Mattson, Isaac",676755,PIT,FF,4-Seam Fastball,-2.5,-1,38,77.6,9,0.429,0.429,0.456,20.0,22.2,14.3,0.261,0.317,0.353,20.0
"Smith, Cade",671922,CLE,FF,4-Seam Fastball,2.1,1,30,73.2,8,0.25,0.375,0.269,42.1,37.5,30.0,0.29,0.346,0.277,40.0
"Pallette, Peyton",688883,CLE,FF,4-Seam Fastball,2.8,1,31,52.5,8,0.286,0.429,0.356,26.3,0.0,0.0,0.33,0.453,0.384,28.6
"Bradley, Taj",671737,MIN,FF,4-Seam Fastball,2.6,1,37,40.2,8,0.167,0.333,0.331,30.0,37.5,25.0,0.239,0.383,0.374,66.7
"Gausman, Kevin",592332,TOR,FF,4-Seam Fastball,6.2,3,41,49.4,8,0.0,0.0,0.0,25.0,37.5,23.1,0.284,0.376,0.286,60.0
"Mlodzinski, Carmen",669387,PIT,FF,4-Seam Fastball,0.0,0,33,38.8,8,0.25,0.25,0.338,28.6,62.5,41.7,0.154,0.164,0.14,100.0
"Holmes, Grant",656550,ATL,FF,4-Seam Fastball,-5.7,-1,21,27.6,8,0.286,0.714,0.45,12.5,0.0,0.0,0.216,0.422,0.322,28.6
"Schlittler, Cam",693645,NYY,FF,4-Seam Fastball,5.3,1,22,32.4,8,0.125,0.25,0.156,40.0,50.0,33.3,0.154,0.215,0.16,50.0
"Nelson, Ryne",669194,AZ,FF,4-Seam Fastball,-3.3,-2,52,62.7,8,0.333,1.333,0.675,25.9,0.0,0.0,0.454,1.266,0.713,66.7
"Boyd, Matthew",571510,CHC,FF,4-Seam Fastball,-3.4,-1,42,66.7,8,0.571,0.714,0.581,52.0,25.0,22.2,0.441,1.131,0.658,80.0
"Mahle, Tyler",641816,SF,FF,4-Seam Fastball,-3.3,-1,39,48.8,8,0.429,0.857,0.556,16.7,50.0,33.3,0.294,0.738,0.465,100.0
"Yamamoto, Yoshinobu",808967,LAD,FF,4-Seam Fastball,-6.2,-1,21,22.1,7,0.429,1.0,0.593,16.7,14.3,11.1,0.343,0.771,0.469,83.3
"Glasnow, Tyler",607192,LAD,FF,4-Seam Fastball,-0.5,0,30,33.3,7,0.5,0.667,0.436,7.1,14.3,20.0,0.366,0.418,0.298,16.7
"Brown, Ben",676962,CHC,FF,4-Seam Fastball,-4.6,-1,23,46.9,7,0.167,0.667,0.386,15.4,14.3,20.0,0.199,0.511,0.354,40.0
"Baz, Shane",669358,BAL,FF,4-Seam Fastball,-8.2,-2,29,37.2,7,0.667,1.167,0.764,21.4,0.0,0.0,0.283,0.483,0.382,33.3
"Abel, Mick",690953,MIN,FF,4-Seam Fastball,-2.7,-1,42,51.9,7,0.5,0.667,0.536,31.8,28.6,12.5,0.421,0.536,0.457,50.0
"Morillo, Juan",666661,AZ,FF,4-Seam Fastball,-7.9,-2,25,64.1,7,0.333,0.833,0.514,23.1,14.3,10.0,0.285,0.769,0.475,40.0
"Seabold, Connor",657756,DET,FF,4-Seam Fastball,4.8,1,27,54.0,7,0.143,0.143,0.129,5.0,28.6,11.8,0.265,0.307,0.248,20.0
"Ryan, Joe",657746,MIN,FF,4-Seam Fastball,3.7,1,39,45.9,7,0.0,0.0,0.1,20.0,14.3,6.3,0.182,0.405,0.312,60.0
"Soriano, José",667755,LAA,FF,4-Seam Fastball,-2.1,0,23,25.3,7,0.4,0.6,0.507,15.4,14.3,14.3,0.339,0.389,0.43,75.0
"Quintana, Jose",500779,COL,FF,4-Seam Fastball,0.0,0,29,37.2,7,0.25,0.25,0.329,27.3,14.3,11.1,0.239,0.308,0.337,25.0
"Blubaugh, AJ",805123,HOU,FF,4-Seam Fastball,-0.2,0,30,46.9,7,0.143,0.571,0.286,33.3,42.9,23.1,0.134,0.506,0.263,50.0
"Freeland, Kyle",607536,COL,FF,4-Seam Fastball,-0.5,0,22,27.2,7,0.333,0.5,0.407,8.3,14.3,14.3,0.319,0.693,0.459,40.0
"Detmers, Reid",672282,LAA,FF,4-Seam Fastball,-1.2,0,41,43.2,7,0.429,0.571,0.436,20.0,42.9,20.0,0.321,0.395,0.309,75.0
"Lowder, Rhett",695076,CIN,FF,4-Seam Fastball,0.0,0,25,29.1,7,0.2,0.2,0.329,23.1,0.0,0.0,0.185,0.229,0.326,20.0
"Eovaldi, Nathan",543135,TEX,FF,4-Seam Fastball,-2.0,0,11,13.8,6,0.5,0.5,0.45,16.7,33.3,66.7,0.235,0.26,0.218,25.0
"Helsley, Ryan",664854,BAL,FF,4-Seam Fastball,3.0,1,22,56.4,6,0.167,0.167,0.3,30.8,33.3,50.0,0.377,0.511,0.382,75.0
"Cease, Dylan",656302,TOR,FF,4-Seam Fastball,0.0,0,24,26.7,6,0.333,0.5,0.358,25.0,66.7,50.0,0.222,0.301,0.224,50.0
"May, Dustin",669160,STL,FF,4-Seam Fastball,4.0,1,16,26.2,6,0.2,0.2,0.267,12.5,0.0,0.0,0.338,0.585,0.444,80.0
"Baumler, Carter",691945,TEX,FF,4-Seam Fastball,-0.3,0,26,37.7,6,0.0,0.0,0.35,18.2,16.7,11.1,0.007,0.01,0.354,0.0
"Pomeranz, Drew",519141,LAA,FF,4-Seam Fastball,-3.6,-1,22,75.9,6,0.4,0.8,0.5,0.0,0.0,0.0,0.296,0.457,0.317,50.0
"Pagán, Emilio",641941,CIN,FF,4-Seam Fastball,2.8,1,20,58.8,6,0.167,0.333,0.208,23.1,16.7,16.7,0.286,0.429,0.307,60.0
"Kochanowicz, Jack",686799,LAA,FF,4-Seam Fastball,-10.5,-1,13,13.8,6,0.5,0.75,0.592,0.0,0.0,0.0,0.489,0.638,0.56,25.0
"Alcantara, Sandy",645261,MIA,FF,4-Seam Fastball,-1.6,0,15,20.5,6,0.6,0.6,0.567,0.0,0.0,,0.326,0.382,0.374,40.0
"Abreu, Bryan",650556,HOU,FF,4-Seam Fastball,-1.2,0,24,60.0,6,0.0,0.0,0.35,40.0,33.3,50.0,0.01,0.032,0.359,100.0
"Burrows, Mike",681347,HOU,FF,4-Seam Fastball,-8.7,-2,18,19.1,6,0.6,1.2,0.75,10.0,0.0,0.0,0.387,0.764,0.523,40.0
"Imai, Tatsuya",837227,HOU,FF,4-Seam Fastball,-1.0,0,37,50.0,6,0.25,0.25,0.383,33.3,33.3,18.2,0.283,0.324,0.411,0.0
"Falter, Bailey",663559,KC,FF,4-Seam Fastball,-4.4,-1,26,54.2,6,0.667,0.833,0.658,36.4,0.0,0.0,0.391,0.467,0.37,0.0
"Rodriguez, Eduardo",593958,AZ,FF,4-Seam Fastball,1.8,0,18,22.8,6,0.167,0.167,0.3,20.0,33.3,28.6,0.243,0.314,0.242,25.0
"Cavalli, Cade",676917,WSH,FF,4-Seam Fastball,-3.3,-1,29,38.7,6,0.5,0.75,0.592,14.3,16.7,11.1,0.206,0.635,0.465,33.3
"Patrick, Chad",694477,MIL,FF,4-Seam Fastball,-6.7,-1,18,24.3,6,0.5,1.167,0.692,20.0,0.0,0.0,0.324,0.705,0.434,50.0
"Severino, Luis",622663,ATH,FF,4-Seam Fastball,1.4,0,23,27.4,6,0.167,0.5,0.267,20.0,33.3,25.0,0.12,0.319,0.181,50.0
"Ramírez, Yohan",670990,PIT,FF,4-Seam Fastball,3.1,1,21,35.6,6,0.0,0.0,0.233,25.0,33.3,33.3,0.065,0.067,0.273,0.0
"Nola, Aaron",605400,PHI,FF,4-Seam Fastball,-6.3,-2,34,37.4,6,0.4,1.0,0.6,40.0,33.3,20.0,0.369,0.807,0.527,66.7
"Marinaccio, Ron",676760,SD,FF,4-Seam Fastball,-5.1,-1,22,51.2,5,0.4,1.0,0.58,50.0,40.0,28.6,0.346,0.902,0.521,100.0
"Brown, Hunter",686613,HOU,FF,4-Seam Fastball,1.4,0,28,27.5,5,0.0,0.0,0.14,30.0,60.0,27.3,0.043,0.079,0.181,0.0
"Gore, MacKenzie",669022,TEX,FF,4-Seam Fastball,1.5,1,35,38.9,5,0.0,0.0,0.28,33.3,20.0,20.0,0.047,0.058,0.307,0.0
"Crochet, Garrett",676979,BOS,FF,4-Seam Fastball,3.5,1,30,37.5,5,0.0,0.0,0.0,20.0,20.0,10.0,0.229,0.281,0.214,0.0
"Lorenzen, Michael",547179,COL,FF,4-Seam Fastball,5.2,1,20,21.5,5,0.0,0.0,0.0,9.1,40.0,18.2,0.121,0.142,0.117,33.3
"Alvarado, Elvis",665660,ATH,FF,4-Seam Fastball,-0.3,0,12,46.2,5,0.25,0.25,0.32,50.0,40.0,50.0,0.076,0.085,0.196,0.0
"Imanaga, Shota",684007,CHC,FF,4-Seam Fastball,-1.6,0,31,37.8,5,0.4,0.8,0.5,7.7,0.0,0.0,0.561,0.837,0.599,60.0
"Harris, Hogan",663687,ATH,FF,4-Seam Fastball,0.8,0,21,58.3,5,0.25,0.25,0.32,20.0,0.0,0.0,0.187,0.214,0.28,25.0
"King, Michael",650633,SD,FF,4-Seam Fastball,2.3,0,10,12.2,5,0.25,0.25,0.32,66.7,60.0,60.0,0.194,0.218,0.28,0.0
"Watson, Ryan",670245,BOS,FF,4-Seam Fastball,1.5,0,20,39.2,5,0.0,0.0,0.28,22.2,20.0,11.1,0.155,0.172,0.366,50.0
"Meyer, Max",676974,MIA,FF,4-Seam Fastball,2.8,0,16,19.8,5,0.2,0.4,0.25,0.0,0.0,0.0,0.331,0.66,0.421,60.0
"Springs, Jeffrey",605488,ATH,FF,4-Seam Fastball,-1.7,-1,31,37.3,5,0.6,0.6,0.54,0.0,0.0,0.0,0.412,0.508,0.401,40.0
"Cecconi, Slade",677944,CLE,FF,4-Seam Fastball,-3.0,-1,34,36.6,5,0.4,1.0,0.58,20.0,20.0,20.0,0.559,1.089,0.697,50.0
"Peterson, David",656849,NYM,FF,4-Seam Fastball,1.2,0,22,28.9,5,0.25,0.25,0.32,14.3,0.0,,0.376,0.467,0.43,75.0
"Estrada, Jeremiah",669093,SD,FF,4-Seam Fastball,-5.3,-1,12,44.4,5,0.333,0.333,0.46,33.3,40.0,66.7,0.035,0.043,0.3,0.0
"Bibee, Tanner",676440,CLE,FF,4-Seam Fastball,-5.9,-2,26,33.3,5,0.5,1.5,0.79,30.0,20.0,20.0,0.209,0.629,0.415,66.7
"Morgan, David",688158,SD,FF,4-Seam Fastball,3.2,0,13,41.9,5,0.25,0.25,0.32,14.3,0.0,0.0,0.319,0.397,0.39,25.0
"Weaver, Luke",596133,NYM,FF,4-Seam Fastball,3.0,1,22,57.9,5,0.0,0.0,0.175,28.6,20.0,20.0,0.05,0.056,0.211,0.0
"Estévez, Carlos",608032,KC,FF,4-Seam Fastball,-15.3,-2,15,55.6,5,1.0,2.0,1.04,16.7,0.0,0.0,0.579,1.242,0.737,100.0
"Armstrong, Shawn",542888,CLE,FF,4-Seam Fastball,-6.3,-1,10,34.5,5,0.25,1.0,0.54,50.0,40.0,50.0,0.277,0.996,0.555,50.0
"Pushard, Matt",690155,STL,FF,4-Seam Fastball,-5.5,-1,14,45.2,5,0.5,0.5,0.5,16.7,20.0,33.3,0.34,0.419,0.405,66.7
"Rasmussen, Drew",656876,TB,FF,4-Seam Fastball,-5.8,-1,23,31.5,5,0.6,1.2,0.76,7.7,0.0,0.0,0.483,0.946,0.603,60.0
"Anderson, Drew",623454,DET,FF,4-Seam Fastball,1.8,0,20,55.6,5,0.25,0.25,0.32,27.3,0.0,0.0,0.501,0.746,0.564,75.0
"Boyle, Joe",671212,TB,FF,4-Seam Fastball,-1.0,0,19,25.3,5,0.4,0.4,0.36,33.3,20.0,25.0,0.547,0.732,0.551,75.0
"Weiss, Ryan",680802,HOU,FF,4-Seam Fastball,-12.0,-2,13,59.1,4,0.667,1.667,0.9,0.0,0.0,0.0,0.527,0.97,0.65,33.3
"Paez, Jedixson",699151,CWS,FF,4-Seam Fastball,-9.6,-2,17,45.9,4,0.5,1.25,0.725,20.0,0.0,0.0,0.293,0.639,0.396,75.0
"Headrick, Brent",687396,NYY,FF,4-Seam Fastball,3.9,0,11,37.9,4,0.0,0.0,0.175,0.0,25.0,25.0,0.183,0.494,0.384,50.0
"Sabrowski, Erik",681870,CLE,FF,4-Seam Fastball,-0.6,0,18,50.0,4,0.0,0.0,0.35,62.5,50.0,40.0,,,0.35,
"Kikuchi, Yusei",579328,LAA,FF,4-Seam Fastball,-0.2,0,17,19.8,4,0.25,0.25,0.225,33.3,25.0,20.0,0.177,0.23,0.178,66.7
"Legumina, Casey",668984,SEA,FF,4-Seam Fastball,-1.8,0,21,40.4,4,0.333,0.667,0.488,7.7,25.0,11.1,0.321,0.966,0.573,100.0
"Hoffmann, Andrew",694851,AZ,FF,4-Seam Fastball,5.5,1,15,45.5,4,0.25,0.25,0.225,11.1,0.0,0.0,0.304,0.346,0.282,75.0
"Leasure, Jordan",673929,CWS,FF,4-Seam Fastball,1.2,0,18,48.6,4,0.25,0.25,0.225,10.0,0.0,0.0,0.083,0.214,0.123,50.0
"Dreyer, Jack",676263,LAD,FF,4-Seam Fastball,6.1,1,15,57.7,4,0.0,0.0,0.0,28.6,25.0,16.7,0.128,0.226,0.148,100.0
"Vesia, Alex",681911,LAD,FF,4-Seam Fastball,7.9,1,13,46.4,4,0.0,0.0,0.0,22.2,0.0,0.0,0.049,0.072,0.053,25.0
"Webb, Jacob",657097,CHC,FF,4-Seam Fastball,-19.6,-3,17,54.8,4,0.5,2.0,1.075,0.0,0.0,0.0,0.654,2.167,0.932,100.0
"Sheehan, Emmet",686218,LAD,FF,4-Seam Fastball,-4.7,-2,36,43.4,4,0.5,1.5,0.813,41.2,25.0,9.1,0.389,1.026,0.588,66.7
"Beeter, Clayton",690925,WSH,FF,4-Seam Fastball,4.0,1,15,50.0,4,0.0,0.0,0.175,33.3,25.0,100.0,0.172,0.396,0.352,50.0
"Lord, Brad",695418,WSH,FF,4-Seam Fastball,3.4,0,13,27.7,4,0.5,0.5,0.45,20.0,25.0,25.0,0.33,0.36,0.302,66.7
"Bednar, David",670280,NYY,FF,4-Seam Fastball,0.3,0,14,35.9,4,0.0,0.0,0.35,11.1,0.0,0.0,0.269,0.284,0.472,0.0
"Duran, Jhoan",661395,PHI,FF,4-Seam Fastball,-8.1,-1,9,26.5,4,0.5,0.5,0.45,40.0,25.0,25.0,0.423,0.452,0.386,66.7
"Waldichuk, Ken",686610,WSH,FF,4-Seam Fastball,-3.0,0,15,46.9,4,0.5,0.5,0.575,0.0,0.0,0.0,0.42,0.454,0.542,0.0
"Domínguez, Seranthony",622554,CWS,FF,4-Seam Fastball,-6.7,-1,12,37.5,4,0.667,0.667,0.625,25.0,0.0,0.0,0.414,0.497,0.473,33.3
"Myers, Tobias",668964,NYM,FF,4-Seam Fastball,-3.2,0,13,33.3,4,0.25,1.0,0.5,16.7,0.0,0.0,0.115,0.253,0.153,50.0
"Smith, Shane",681343,CWS,FF,4-Seam Fastball,-1.4,0,28,51.9,4,0.0,0.0,0.525,25.0,25.0,10.0,,,0.525,
"Enns, Dietrich",608650,BAL,FF,4-Seam Fastball,4.7,1,12,36.4,4,0.25,0.25,0.225,37.5,0.0,0.0,0.28,0.327,0.265,50.0
"Morán, Jovani",663558,BOS,FF,4-Seam Fastball,9.7,1,11,44.0,4,0.0,0.0,0.0,33.3,25.0,33.3,0.198,0.311,0.221,0.0
"Zeferjahn, Ryan",666171,LAA,FF,4-Seam Fastball,14.9,1,6,26.1,4,0.0,0.0,0.0,33.3,50.0,50.0,0.056,0.208,0.106,50.0
"Wells, Tyler",669330,BAL,FF,4-Seam Fastball,-19.3,-2,8,19.5,4,1.0,3.0,0.75,0.0,0.0,0.0,0.42,0.751,0.512,50.0
"Suarez, Robert",663158,ATL,FF,4-Seam Fastball,4.9,1,12,70.6,4,0.25,0.25,0.225,16.7,25.0,50.0,0.36,0.407,0.334,66.7
"Lee, Dylan",669276,ATL,FF,4-Seam Fastball,11.8,1,10,37.0,4,0.0,0.0,0.0,16.7,25.0,50.0,0.085,0.313,0.166,33.3
"Roycroft, Chris",688297,STL,FF,4-Seam Fastball,3.2,0,12,28.6,4,0.25,0.25,0.225,0.0,0.0,0.0,0.283,0.343,0.271,25.0
"Senzatela, Antonio",622608,COL,FF,4-Seam Fastball,3.0,1,18,41.9,4,0.0,0.0,0.175,28.6,50.0,25.0,0.058,0.076,0.217,0.0
"Fried, Max",608331,NYY,FF,4-Seam Fastball,4.5,1,21,24.4,4,0.0,0.0,0.0,20.0,50.0,33.3,0.017,0.027,0.017,0.0
"Muñoz, Roddery",682610,HOU,FF,4-Seam Fastball,0.8,0,19,26.0,4,0.0,0.0,0.35,50.0,25.0,20.0,0.313,0.365,0.498,100.0
"Henry, Cole",669371,WSH,FF,4-Seam Fastball,9.6,1,7,63.6,3,0.0,0.0,0.0,33.3,33.3,100.0,0.006,0.008,0.005,50.0
"Romano, Jordan",605447,LAA,FF,4-Seam Fastball,4.1,0,11,44.0,3,0.0,0.0,0.233,33.3,33.3,50.0,0.127,0.4,0.378,100.0
"McGreevy, Michael",700241,STL,FF,4-Seam Fastball,4.5,1,18,18.8,3,0.0,0.0,0.0,20.0,33.3,33.3,0.318,1.206,0.625,50.0
"Casparius, Ben",676508,LAD,FF,4-Seam Fastball,0.2,0,11,45.8,3,0.333,0.333,0.3,33.3,33.3,25.0,0.326,0.376,0.306,0.0
"Chapman, Aroldis",547973,BOS,FF,4-Seam Fastball,9.9,1,9,45.0,3,0.0,0.0,0.0,0.0,0.0,,0.109,0.295,0.169,33.3
"Wacha, Michael",608379,KC,FF,4-Seam Fastball,4.1,1,25,31.3,3,0.0,0.0,0.0,42.9,33.3,16.7,0.221,0.346,0.246,50.0
"Petersen, Michael",656848,MIA,FF,4-Seam Fastball,10.7,1,7,63.6,3,0.0,0.0,0.0,83.3,66.7,66.7,0.001,0.001,0.001,0.0
"Muñoz, Andrés",662253,SEA,FF,4-Seam Fastball,-12.9,-1,11,29.7,3,1.0,2.0,1.267,20.0,0.0,0.0,0.582,0.964,0.665,33.3
"Santana, Dennis",642701,PIT,FF,4-Seam Fastball,1.8,0,18,36.7,3,0.0,0.0,0.233,14.3,0.0,0.0,0.258,0.459,0.434,50.0
"Garcia, Robert",676395,TEX,FF,4-Seam Fastball,0.7,0,13,40.6,3,0.0,0.0,0.233,0.0,33.3,25.0,0.151,0.169,0.328,100.0
"Palencia, Daniel",694037,CHC,FF,4-Seam Fastball,-2.5,0,8,50.0,3,0.333,0.667,0.417,57.1,33.3,50.0,0.329,1.031,0.56,100.0
"Anderson, Grant",681982,MIL,FF,4-Seam Fastball,1.1,0,11,28.9,3,0.0,0.0,0.233,25.0,0.0,0.0,0.255,0.286,0.389,50.0
"Newcomb, Sean",656794,CWS,FF,4-Seam Fastball,-2.6,0,11,33.3,3,0.5,0.5,0.45,28.6,33.3,16.7,0.323,0.358,0.298,50.0
"Lucchesi, Joey",664192,LAA,FF,4-Seam Fastball,-42.4,-2,4,16.0,3,1.0,1.5,0.95,0.0,0.0,0.0,0.317,0.88,0.563,50.0
"Díaz, Edwin",621242,LAD,FF,4-Seam Fastball,4.8,1,18,66.7,3,0.0,0.0,0.0,12.5,33.3,100.0,0.122,0.275,0.165,50.0
"Megill, Trevor",656730,MIL,FF,4-Seam Fastball,0.4,0,11,73.3,3,0.333,0.333,0.3,50.0,33.3,20.0,0.298,0.436,0.317,50.0
"Hoffman, Jeff",656546,TOR,FF,4-Seam Fastball,-14.6,-1,8,25.0,3,0.333,1.333,0.667,50.0,66.7,66.7,0.312,1.186,0.613,100.0
"Brogdon, Connor",641401,CLE,FF,4-Seam Fastball,-3.5,0,13,39.4,3,0.333,1.333,0.667,66.7,66.7,50.0,0.321,1.277,0.651,100.0
"Burke, Brock",656271,CIN,FF,4-Seam Fastball,6.8,1,15,50.0,3,0.0,0.0,0.0,28.6,0.0,0.0,0.123,0.139,0.122,33.3
"Weissert, Greg",669711,BOS,FF,4-Seam Fastball,-6.5,-1,12,28.6,3,0.333,1.333,0.667,28.6,33.3,14.3,0.472,1.692,0.887,100.0
"Hiraldo, Yaramil",682274,BAL,FF,4-Seam Fastball,-5.3,0,7,30.4,3,,,0.7,0.0,0.0,0.0,,,0.7,
"Webb, Logan",657277,SF,FF,4-Seam Fastball,5.0,1,11,12.8,3,0.0,0.0,0.0,33.3,66.7,33.3,0.112,0.14,0.11,0.0
"Poulin, PJ",676571,WSH,FF,4-Seam Fastball,-10.4,-1,7,18.4,3,1.0,1.0,0.767,0.0,0.0,0.0,0.76,0.922,0.713,100.0
"Urena, Walbert",700712,LAA,FF,4-Seam Fastball,-1.2,0,14,22.6,3,0.333,0.333,0.6,12.5,0.0,0.0,0.288,0.318,0.264,33.3
"Williams, Devin",642207,NYM,FF,4-Seam Fastball,-1.3,0,10,52.6,3,0.333,0.667,0.417,40.0,66.7,66.7,0.139,0.157,0.13,0.0
"Taylor, Grant",691799,CWS,FF,4-Seam Fastball,1.3,0,25,50.0,3,0.0,0.0,0.233,21.4,66.7,40.0,,,0.233,
"Nardi, Andrew",677053,MIA,FF,4-Seam Fastball,-0.7,0,5,45.5,3,0.333,0.333,0.3,33.3,66.7,66.7,0.191,0.214,0.18,100.0
"Roa, Christian",685005,HOU,FF,4-Seam Fastball,-18.6,-1,8,22.2,3,0.5,2.0,0.9,66.7,33.3,50.0,0.423,1.545,0.768,100.0
"Thielbar, Caleb",573204,CHC,FF,4-Seam Fastball,2.0,0,8,50.0,3,0.0,0.0,0.233,25.0,33.3,25.0,0.003,0.005,0.236,0.0
"Johnson, Pierce",572955,CIN,FF,4-Seam Fastball,-12.9,-1,7,24.1,3,0.667,1.0,0.717,0.0,0.0,0.0,0.573,1.191,0.742,100.0
"Wilcox, Cole",677961,SEA,FF,4-Seam Fastball,13.5,0,3,30.0,2,0.0,0.0,0.0,50.0,50.0,50.0,0.007,0.017,0.01,0.0
"Suter, Brent",608718,LAA,FF,4-Seam Fastball,0.2,0,9,37.5,2,0.0,0.0,0.35,0.0,0.0,0.0,0.061,0.066,0.378,0.0
"Ginkel, Kevin",656464,AZ,FF,4-Seam Fastball,-3.3,0,9,42.9,2,0.5,0.5,0.45,0.0,0.0,0.0,0.292,0.336,0.277,0.0
"Nunez, Anthony",689296,BAL,FF,4-Seam Fastball,5.2,0,9,40.9,2,0.0,0.0,0.0,33.3,0.0,0.0,0.044,0.057,0.048,0.0
"Gray, Sonny",543243,BOS,FF,4-Seam Fastball,10.8,1,11,13.8,2,0.0,0.0,,16.7,0.0,0.0,,,,0.0
"Moll, Sam",594580,CIN,FF,4-Seam Fastball,24.2,0,2,9.5,2,0.0,0.0,0.0,0.0,0.0,,0.181,0.214,0.165,0.0
"Phillips, Connor",683175,CIN,FF,4-Seam Fastball,-2.0,0,14,35.9,2,0.5,0.5,0.45,25.0,0.0,0.0,0.551,0.622,0.51,100.0
"Festa, Matt",670036,CLE,FF,4-Seam Fastball,5.4,0,9,64.3,2,0.0,0.0,0.0,66.7,50.0,100.0,0.169,0.209,0.165,0.0
"Vodnik, Victor",680767,COL,FF,4-Seam Fastball,-7.4,0,3,27.3,2,0.5,0.5,0.45,33.3,50.0,100.0,0.181,0.199,0.164,100.0
"Finnegan, Kyle",640448,DET,FF,4-Seam Fastball,1.3,0,13,65.0,2,0.0,0.0,0.35,16.7,0.0,0.0,0.011,0.011,0.355,0.0
"Okert, Steven",595345,HOU,FF,4-Seam Fastball,4.8,0,10,28.6,2,0.0,0.0,0.0,0.0,50.0,25.0,0.032,0.042,0.029,0.0
"Erceg, Lucas",668674,KC,FF,4-Seam Fastball,2.6,0,13,54.2,2,0.0,0.0,0.0,20.0,50.0,50.0,0.145,0.173,0.149,0.0
"Strahm, Matt",621381,KC,FF,4-Seam Fastball,11.0,1,5,29.4,2,0.0,0.0,0.0,40.0,50.0,50.0,0.001,0.001,0.0,0.0
"Schreiber, John",670167,KC,FF,4-Seam Fastball,-48.7,-2,5,21.7,2,0.5,2.0,1.0,0.0,0.0,0.0,0.497,1.875,0.969,50.0
"Lugo, Seth",607625,KC,FF,4-Seam Fastball,-0.4,0,14,18.2,2,0.5,0.5,0.45,25.0,0.0,0.0,0.918,2.277,1.347,50.0
"Irvin, Jake",663623,WSH,FF,4-Seam Fastball,2.3,1,23,24.7,2,0.0,0.0,0.0,40.0,100.0,15.4,,,0.0,
"Varland, Gus",681402,WSH,FF,4-Seam Fastball,10.6,0,4,44.4,2,0.0,0.0,0.0,33.3,50.0,100.0,0.003,0.006,0.004,100.0
"Pérez, Cionel",672335,WSH,FF,4-Seam Fastball,-14.3,-1,8,34.8,2,0.5,2.0,1.0,0.0,0.0,,0.822,3.229,1.657,100.0
"McLean, Nolan",690997,NYM,FF,4-Seam Fastball,-8.8,-1,17,20.2,2,1.0,4.0,1.35,12.5,0.0,0.0,0.583,2.303,0.942,100.0
"Manaea, Sean",640455,NYM,FF,4-Seam Fastball,-1.4,0,8,27.6,2,0.5,0.5,0.45,50.0,50.0,100.0,0.437,0.562,0.434,100.0
"Lovelady, Richard",663992,NYM,FF,4-Seam Fastball,-1.3,0,12,25.5,2,0.5,0.5,0.45,28.6,50.0,20.0,0.478,0.535,0.444,0.0
"Skenes, Paul",694973,PIT,FF,4-Seam Fastball,-0.9,0,13,35.1,2,0.0,0.0,0.35,50.0,50.0,20.0,,,0.35,
"Soto, Gregory",642397,PIT,FF,4-Seam Fastball,-0.4,0,8,22.9,2,0.0,0.0,0.35,33.3,50.0,33.3,,,0.35,
"Gilbert, Logan",669302,SEA,FF,4-Seam Fastball,3.0,1,29,33.7,2,0.0,0.0,0.0,36.4,50.0,16.7,0.001,0.001,0.0,0.0
"Winn, Keaton",676775,SF,FF,4-Seam Fastball,7.3,1,8,28.6,2,0.0,0.0,0.0,0.0,50.0,33.3,0.267,0.645,0.379,100.0
"Soriano, George",666277,STL,FF,4-Seam Fastball,19.2,1,3,25.0,2,0.0,0.0,0.0,0.0,0.0,0.0,0.169,0.181,0.157,50.0
"Englert, Mason",669438,TB,FF,4-Seam Fastball,-53.0,-3,6,25.0,2,1.0,4.0,2.0,0.0,0.0,0.0,0.881,3.499,1.792,100.0
"Sulser, Cole",642121,TB,FF,4-Seam Fastball,-6.4,-1,13,31.7,2,1.0,2.0,0.975,0.0,0.0,0.0,0.52,1.114,0.689,100.0
"Martin, Chris",455119,TEX,FF,4-Seam Fastball,10.6,1,5,33.3,2,0.0,0.0,0.0,50.0,50.0,33.3,0.214,0.453,0.278,100.0
"Beeks, Jalen",656222,TEX,FF,4-Seam Fastball,4.5,1,18,51.4,2,0.0,0.0,0.0,44.4,50.0,16.7,0.319,0.356,0.296,100.0
"Varland, Louis",686973,TOR,FF,4-Seam Fastball,-0.1,0,14,46.7,2,0.0,0.0,0.35,75.0,50.0,33.3,,,0.35,
"Little, Brendon",663893,TOR,FF,4-Seam Fastball,-20.7,-1,3,13.0,2,1.0,1.0,0.8,0.0,0.0,0.0,0.343,0.348,0.504,0.0
"Sands, Cole",663485,MIN,FF,4-Seam Fastball,0.3,0,7,43.8,2,0.0,0.0,0.35,0.0,0.0,0.0,0.11,0.124,0.399,100.0
"Ober, Bailey",641927,MIN,FF,4-Seam Fastball,-1.0,0,16,28.6,2,0.5,0.5,0.45,0.0,0.0,0.0,0.325,0.361,0.3,50.0
"Bowlan, Jonathan",680742,PHI,FF,4-Seam Fastball,12.8,1,4,50.0,2,0.0,0.0,0.0,33.3,0.0,,0.022,0.058,0.033,50.0
"Fairbanks, Pete",664126,MIA,FF,4-Seam Fastball,-0.5,0,9,42.9,2,0.5,0.5,0.45,0.0,0.0,0.0,0.217,0.272,0.206,0.0
"Cruz, Fernando",518585,NYY,FF,4-Seam Fastball,16.2,1,4,40.0,2,0.0,0.0,0.0,0.0,0.0,,0.084,0.104,0.081,0.0
"Bird, Jake",656234,NYY,FF,4-Seam Fastball,-2.8,0,8,32.0,2,0.5,0.5,0.45,25.0,50.0,50.0,0.117,0.124,0.106,0.0
"Gómez, Yoendrys",672782,TB,FF,4-Seam Fastball,4.6,0,5,17.9,1,0.0,0.0,0.0,0.0,100.0,33.3,,,0.0,
"Coulombe, Danny",543056,BOS,FF,4-Seam Fastball,8.6,0,2,14.3,1,0.0,0.0,0.0,0.0,0.0,,0.011,0.025,0.015,0.0
"Romero, JoJo",668941,STL,FF,4-Seam Fastball,14.2,0,2,7.7,1,0.0,0.0,0.0,50.0,0.0,0.0,0.149,0.182,0.149,0.0
"Kilian, Caleb",668873,SF,FF,4-Seam Fastball,5.2,0,6,60.0,1,0.0,0.0,0.0,0.0,0.0,,0.069,0.075,0.07,0.0
"Ashby, Aaron",676879,MIL,FF,4-Seam Fastball,7.3,0,2,4.5,1,0.0,0.0,0.0,100.0,100.0,50.0,,,0.0,
"Miller, Erik",669062,SF,FF,4-Seam Fastball,-4.4,0,5,16.7,1,,,0.7,0.0,0.0,0.0,,,0.7,
"Gage, Matt",657424,SF,FF,4-Seam Fastball,7.2,0,3,13.6,1,0.0,0.0,0.0,100.0,100.0,100.0,,,0.0,
"Woodford, Jake",663765,MIL,FF,4-Seam Fastball,9.6,0,3,7.9,1,0.0,0.0,0.0,50.0,0.0,0.0,0.371,1.364,0.717,100.0
"Banda, Anthony",607455,MIN,FF,4-Seam Fastball,-1.7,0,6,33.3,1,,,0.7,100.0,0.0,,,,0.7,
"Keller, Brad",641745,PHI,FF,4-Seam Fastball,2.1,0,5,31.3,1,0.0,0.0,0.0,25.0,100.0,33.3,,,0.0,
"Banks, Tanner",621383,PHI,FF,4-Seam Fastball,30.5,0,1,10.0,1,0.0,0.0,0.0,0.0,0.0,,0.203,0.463,0.274,0.0
"Slaten, Justin",686580,BOS,FF,4-Seam Fastball,5.7,0,5,17.9,1,0.0,0.0,0.0,0.0,100.0,50.0,,,0.0,
"Silseth, Chase",681217,LAA,FF,4-Seam Fastball,5.7,0,3,12.0,1,0.0,0.0,0.0,0.0,0.0,0.0,0.006,0.006,0.005,0.0
"Speier, Gabe",642100,SEA,FF,4-Seam Fastball,4.8,0,5,21.7,1,0.0,0.0,0.0,66.7,100.0,33.3,,,0.0,
"Rodriguez, Bradgley",699134,SD,FF,4-Seam Fastball,12.7,1,4,20.0,1,0.0,0.0,0.0,33.3,0.0,,0.147,0.155,0.132,0.0
"Bido, Osvaldo",674370,ATL,FF,4-Seam Fastball,6.5,0,4,25.0,1,0.0,0.0,0.0,100.0,100.0,100.0,,,0.0,
"Miller, Mason",695243,SD,FF,4-Seam Fastball,-2.5,0,9,50.0,1,,,0.7,0.0,0.0,0.0,,,0.7,
"Bummer, Aaron",607481,ATL,FF,4-Seam Fastball,3.5,0,4,33.3,1,0.0,0.0,0.0,0.0,0.0,0.0,0.426,1.42,0.756,100.0
"Kinley, Tyler",641755,ATL,FF,4-Seam Fastball,10.0,0,2,15.4,1,0.0,0.0,0.0,0.0,0.0,0.0,0.003,0.003,0.003,0.0
"Barco, Hunter",682995,PIT,FF,4-Seam Fastball,-12.2,0,3,12.5,1,1.0,1.0,0.9,0.0,0.0,,0.903,1.169,0.892,100.0
"Lawrence, Justin",664875,PIT,FF,4-Seam Fastball,-52.4,-2,3,8.1,1,1.0,4.0,2.0,0.0,0.0,0.0,0.994,3.964,2.03,100.0
"Urquidy, José",664353,PIT,FF,4-Seam Fastball,-9.3,0,2,18.2,1,,,0.7,,0.0,0.0,,,0.7,
"Medina, Luis",665622,ATH,FF,4-Seam Fastball,-5.6,0,6,60.0,1,1.0,1.0,0.9,25.0,0.0,0.0,0.906,1.194,0.904,100.0
"Sterner, Justin",686993,ATH,FF,4-Seam Fastball,-4.0,0,7,46.7,1,1.0,1.0,0.9,33.3,0.0,0.0,0.623,0.703,0.579,100.0
"Murphy, Chris",669684,CWS,FF,4-Seam Fastball,3.9,0,5,15.6,1,0.0,0.0,0.0,50.0,100.0,50.0,,,0.0,
"Ginn, J.T.",669372,ATH,FF,4-Seam Fastball,5.8,0,3,6.7,1,0.0,0.0,0.0,0.0,0.0,0.0,0.288,0.323,0.273,0.0
"Kelly, Michael",547184,ATH,FF,4-Seam Fastball,7.5,0,4,26.7,1,0.0,0.0,0.0,50.0,100.0,100.0,,,0.0,
"Brazobán, Huascar",623211,NYM,FF,4-Seam Fastball,10.3,0,3,16.7,1,0.0,0.0,0.0,0.0,0.0,0.0,0.011,0.011,0.01,0.0
"Hudson, Bryan",663542,CWS,FF,4-Seam Fastball,-9.7,-1,7,21.2,1,1.0,1.0,0.9,0.0,0.0,0.0,0.409,0.46,0.372,0.0
"Granillo, Andre",701552,WSH,FF,4-Seam Fastball,-4.2,0,5,27.8,1,,,0.7,,0.0,,,,0.7,
"Treinen, Blake",595014,LAD,FF,4-Seam Fastball,40.6,0,1,6.7,1,0.0,0.0,0.0,0.0,0.0,,0.029,0.083,0.045,100.0
"Klein, Will",694361,LAD,FF,4-Seam Fastball,4.0,1,13,54.2,1,0.0,0.0,0.0,60.0,100.0,50.0,,,0.0,
"Scott, Tanner",656945,LAD,FF,4-Seam Fastball,5.5,0,5,35.7,1,0.0,0.0,0.0,50.0,100.0,50.0,,,0.0,
"Teng, Kai-Wei",678906,HOU,FF,4-Seam Fastball,2.7,0,10,25.6,1,0.0,0.0,0.0,0.0,0.0,0.0,0.509,0.56,0.472,100.0
"Vest, Will",676684,DET,FF,4-Seam Fastball,7.3,0,4,36.4,1,0.0,0.0,0.0,0.0,0.0,0.0,0.243,0.397,0.268,0.0
"Phillips, Tyler",663969,MIA,FF,4-Seam Fastball,29.7,0,1,4.5,1,0.0,0.0,0.0,0.0,0.0,,0.006,0.013,0.009,0.0
"De Jesus, Enmanuel",646241,DET,FF,4-Seam Fastball,7.0,0,3,23.1,1,0.0,0.0,0.0,0.0,100.0,100.0,,,0.0,
"Holton, Tyler",663947,DET,FF,4-Seam Fastball,-4.1,0,3,27.3,1,,,0.7,,0.0,,,,0.7,
"Mejia, Juan",675848,COL,FF,4-Seam Fastball,4.3,0,6,27.3,1,0.0,0.0,0.0,0.0,0.0,,0.486,0.782,0.535,100.0
"Garcia, Rico",670329,BAL,FF,4-Seam Fastball,5.9,0,6,75.0,1,0.0,0.0,0.0,33.3,100.0,33.3,,,0.0,
"Hill, Jaden",677955,COL,FF,4-Seam Fastball,6.0,0,4,17.4,1,0.0,0.0,0.0,33.3,0.0,0.0,0.037,0.065,0.046,0.0
"Herget, Jimmy",623474,COL,FF,4-Seam Fastball,2.4,0,3,10.7,1,0.0,0.0,0.0,,100.0,100.0,,,0.0,
"Herrin, Tim",682120,CLE,FF,4-Seam Fastball,-24.1,0,2,10.5,1,1.0,1.0,0.9,0.0,0.0,0.0,0.094,0.106,0.085,0.0
"Clarke, Taylor",664199,AZ,FF,4-Seam Fastball,-30.6,-1,2,12.5,1,1.0,2.0,1.25,0.0,0.0,0.0,0.426,0.641,0.449,100.0
"Alexander, Tyler",641302,TEX,FF,4-Seam Fastball,14.0,0,2,6.7,1,0.0,0.0,0.0,0.0,0.0,0.0,0.057,0.057,0.051,0.0
"Harvey, Hunter",640451,CHC,FF,4-Seam Fastball,10.5,0,3,30.0,1,0.0,0.0,0.0,0.0,0.0,,0.049,0.09,0.058,0.0
"Milner, Hoby",571948,CHC,FF,4-Seam Fastball,-36.0,0,1,3.6,1,,,0.7,,0.0,0.0,,,0.7,
"Junis, Jakob",596001,TEX,FF,4-Seam Fastball,12.3,0,4,17.4,1,0.0,0.0,0.0,50.0,100.0,100.0,,,0.0,
"Winn, Cole",668390,TEX,FF,4-Seam Fastball,-0.5,0,11,36.7,1,,,0.7,25.0,0.0,0.0,,,0.7,
"Jax, Griffin",643377,TB,FF,4-Seam Fastball,-42.0,-2,4,17.4,1,1.0,4.0,2.0,0.0,0.0,0.0,0.937,3.72,1.899,100.0
"Fisher, Braydon",680755,TOR,FF,4-Seam Fastball,5.0,0,3,11.5,1,0.0,0.0,0.0,100.0,100.0,50.0,,,0.0,
"Thompson, Ryan",657044,AZ,FF,4-Seam Fastball,13.0,0,2,11.1,1,0.0,0.0,0.0,0.0,0.0,0.0,0.657,0.778,0.634,100.0
"Baker, Bryan",641329,TB,FF,4-Seam Fastball,5.4,0,8,34.8,1,0.0,0.0,0.0,50.0,0.0,,0.809,1.143,0.822,100.0
"Miles, Spencer",693686,TOR,FF,4-Seam Fastball,9.8,0,3,18.8,1,0.0,0.0,0.0,50.0,0.0,0.0,0.011,0.023,0.015,100.0
