"last_name, first_name",pitcher,ff_n_stuff_plus,si_n_stuff_plus,fc_n_stuff_plus,sl_n_stuff_plus,ch_n_stuff_plus,cu_n_stuff_plus,fs_n_stuff_plus,kn_n_stuff_plus,st_n_stuff_plus,sv_n_stuff_plus
"Webb, Logan",657277,,,,,,,,,,
"Rodón, Carlos",607074,,,,,,,,,,
"Crochet, Garrett",676979,,,,,,,,,,
"Gallen, Zac",668678,,,,,,,,,,
"Fried, Max",608331,,,,,,,,,,
"Kikuchi, Yusei",579328,,,,,,,,,,
"Peralta, Freddy",642547,,,,,,,,,,
"Ray, Robbie",592662,,,,,,,,,,
"Cease, Dylan",656302,,,,,,,,,,
"Gausman, Kevin",592332,,,,,,,,,,
"Luzardo, Jesús",666200,,,,,,,,,,
"Skenes, Paul",694973,,,,,,,,,,
"Castillo, Luis",622491,,,,,,,,,,
"Bibee, Tanner",676440,,,,,,,,,,
"Brown, Hunter",686613,,,,,,,,,,
"Irvin, Jake",663623,,,,,,,,,,
"Williams, Gavin",668909,,,,,,,,,,
"Pfaadt, Brandon",694297,,,,,,,,,,
"Sánchez, Cristopher",650911,,,,,,,,,,
"Valdez, Framber",664285,,,,,,,,,,
"Alcantara, Sandy",645261,,,,,,,,,,
"Keller, Mitch",656605,,,,,,,,,,
"Pivetta, Nick",601713,,,,,,,,,,
"Singer, Brady",663903,,,,,,,,,,
"Skubal, Tarik",669373,,,,,,,,,,
"Springs, Jeffrey",605488,,,,,,,,,,
"Kelly, Merrill",518876,,,,,,,,,,
"Flaherty, Jack",656427,,,,,,,,,,
"Bassitt, Chris",605135,,,,,,,,,,
"Gore, MacKenzie",669022,,,,,,,,,,
"Warren, Will",701542,,,,,,,,,,
"Ryan, Joe",657746,,,,,,,,,,
"Yamamoto, Yoshinobu",808967,,,,,,,,,,
"Littell, Zack",641793,,,,,,,,,,
"Soriano, José",667755,,,,,,,,,,
"Holmes, Clay",605280,,,,,,,,,,
"Boyd, Matthew",571510,,,,,,,,,,
"Severino, Luis",622663,,,,,,,,,,
"Pallante, Andre",669467,,,,,,,,,,
"Gray, Sonny",543243,,,,,,,,,,
"Baz, Shane",669358,,,,,,,,,,
"Woo, Bryan",693433,,,,,,,,,,
"Parker, Mitchell",680730,,,,,,,,,,
"Peterson, David",656849,,,,,,,,,,
"Pepiot, Ryan",686752,,,,,,,,,,
"Kremer, Dean",665152,,,,,,,,,,
"Abbott, Andrew",671096,,,,,,,,,,
"Wacha, Michael",608379,,,,,,,,,,
"Bello, Brayan",678394,,,,,,,,,,
"Allen, Logan",671106,,,,,,,,,,
"deGrom, Jacob",594798,,,,,,,,,,
"Verlander, Justin",434378,,,,,,,,,,
"Rodriguez, Eduardo",593958,,,,,,,,,,
"Corbin, Patrick",571578,,,,,,,,,,
"Berríos, José",621244,,,,,,,,,,
"Leiter, Jack",683004,,,,,,,,,,
"Martinez, Nick",607259,,,,,,,,,,
"Hendricks, Kyle",543294,,,,,,,,,,
"Paddack, Chris",663978,,,,,,,,,,
"Sugano, Tomoyuki",608372,,,,,,,,,,
"Morton, Charlie",450203,,,,,,,,,,
"Rea, Colin",607067,,,,,,,,,,
"Elder, Bryce",693821,,,,,,,,,,
"Freeland, Kyle",607536,,,,,,,,,,
"Mikolas, Miles",571945,,,,,,,,,,
"Lodolo, Nick",666157,,,,,,,,,,
"Priester, Quinn",682990,,,,,,,,,,
"Nelson, Ryne",669194,,,,,,,,,,
"Suarez, Ranger",624133,,,,,,,,,,
"Smith, Shane",681343,,,,,,,,,,
"Wheeler, Zack",554430,,,,,,,,,,
"Liberatore, Matthew",669461,,,,,,,,,,
"Lugo, Seth",607625,,,,,,,,,,
"Burke, Sean",680732,,,,,,,,,,
"Fedde, Erick",607200,,,,,,,,,,
"Giolito, Lucas",608337,,,,,,,,,,
"Sears, JP",676664,,,,,,,,,,
"Ober, Bailey",641927,,,,,,,,,,
"Mize, Casey",663554,,,,,,,,,,
"Anderson, Tyler",542881,,,,,,,,,,
"Lorenzen, Michael",547179,,,,,,,,,,
"Rasmussen, Drew",656876,,,,,,,,,,
"Martin, Davis",663436,,,,,,,,,,
"Senzatela, Antonio",622608,,,,,,,,,,
"Bradley, Taj",671737,,,,,,,,,,
"Cabrera, Edward",665795,,,,,,,,,,
"Buehler, Walker",621111,,,,,,,,,,
"Imanaga, Shota",684007,,,,,,,,,,
"Quintana, Jose",500779,,,,,,,,,,
"May, Dustin",669160,,,,,,,,,,
"Cameron, Noah",702070,,,,,,,,,,
"Gilbert, Logan",669302,,,,,,,,,,
"Vásquez, Randy",681190,,,,,,,,,,
"Lord, Brad",695418,,,,,,,,,,
"Strider, Spencer",675911,,,,,,,,,,
"Kirby, George",669923,,,,,,,,,,
"Márquez, Germán",608566,,,,,,,,,,
"Heaney, Andrew",571760,,,,,,,,,,
"Cecconi, Slade",677944,,,,,,,,,,
"Walker, Taijuan",592836,,,,,,,,,,
"Sale, Chris",519242,,,,,,,,,,
"Patrick, Chad",694477,,,,,,,,,,
"Quantrill, Cal",615698,,,,,,,,,,
"Taillon, Jameson",592791,,,,,,,,,,
"Povich, Cade",700249,,,,,,,,,,
"Holmes, Grant",656550,,,,,,,,,,
"Falter, Bailey",663559,,,,,,,,,,
"Eovaldi, Nathan",543135,,,,,,,,,,
"Senga, Kodai",673540,,,,,,,,,,
"Houser, Adrian",605288,,,,,,,,,,
"Woods Richardson, Simeon",680573,,,,,,,,,,
"Kochanowicz, Jack",686799,,,,,,,,,,
"Roupp, Landen",694738,,,,,,,,,,
"Wentz, Joey",666214,,,,,,,,,,
"Bubic, Kris",663460,,,,,,,,,,
"Cannon, Jonathan",686563,,,,,,,,,,
"Horton, Cade",690990,,,,,,,,,,
"Dollander, Chase",801403,,,,,,,,,,
"Kershaw, Clayton",477132,,,,,,,,,,
"Gusto, Ryan",687473,,,,,,,,,,
"Brown, Ben",676962,,,,,,,,,,
"Greene, Hunter",668881,,,,,,,,,,
"Civale, Aaron",650644,,,,,,,,,,
"Kolek, Stephen",663568,,,,,,,,,,
"Lauer, Eric",641778,,,,,,,,,,
"Pérez, Eury",691587,,,,,,,,,,
"Lopez, Jacob",682052,,,,,,,,,,
"Mlodzinski, Carmen",669387,,,,,,,,,,
"Vasil, Mike",678024,,,,,,,,,,
"Cantillo, Joey",676282,,,,,,,,,,
"Rogers, Trevor",669432,,,,,,,,,,
"Junk, Janson",676083,,,,,,,,,,
"Alexander, Tyler",641302,,,,,,,,,,
"Ginn, J.T.",669372,,,,,,,,,,
"Schwellenbach, Spencer",680885,,,,,,,,,,
"Nola, Aaron",605400,,,,,,,,,,
"Newcomb, Sean",656794,,,,,,,,,,
"Miller, Bryce",682243,,,,,,,,,,
"Burrows, Mike",681347,,,,,,,,,,
"Soroka, Michael",647336,,,,,,,,,,
"Ortiz, Luis",682847,,,,,,,,,,
"Glasnow, Tyler",607192,,,,,,,,,,
"Montero, Keider",672456,,,,,,,,,,
"McGreevy, Michael",700241,,,,,,,,,,
"Gordon, Colton",676467,,,,,,,,,,
"Williams, Trevor",592866,,,,,,,,,,
"Hancock, Emerson",676106,,,,,,,,,,
"Scherzer, Max",453286,,,,,,,,,,
"Latz, Jacob",656641,,,,,,,,,,
"Mahle, Tyler",641816,,,,,,,,,,
"Bido, Osvaldo",674370,,,,,,,,,,
"Matthews, Zebby",805673,,,,,,,,,,
"Spence, Mitch",687765,,,,,,,,,,
"Leahy, Kyle",681517,,,,,,,,,,
"Canning, Griffin",656288,,,,,,,,,,
"Rutledge, Jackson",671131,,,,,,,,,,
"Evans, Logan",688138,,,,,,,,,,
"Bellozo, Valente",678368,,,,,,,,,,
"Bergert, Ryan",686701,,,,,,,,,,
"Bivens, Spencer",702352,,,,,,,,,,
"Herget, Jimmy",623474,,,,,,,,,,
"Barlow, Scott",605130,,,,,,,,,,
"Casparius, Ben",676508,,,,,,,,,,
"López, Pablo",641154,,,,,,,,,,
"Schlittler, Cam",693645,,,,,,,,,,
"Alexander, Jason",669920,,,,,,,,,,
"Gordon, Tanner",685299,,,,,,,,,,
"Little, Brendon",663893,,,,,,,,,,
"Estrada, Jeremiah",669093,,,,,,,,,,
"Megill, Tylor",656731,,,,,,,,,,
"Santillan, Tony",663574,,,,,,,,,,
"Schmidt, Clarke",657376,,,,,,,,,,
"Kinley, Tyler",641755,,,,,,,,,,
"Bazardo, Eduard",660825,,,,,,,,,,
"King, Michael",650633,,,,,,,,,,
"Eisert, Brandon",685126,,,,,,,,,,
"Uceta, Edwin",670955,,,,,,,,,,
"Ferrer, Jose A.",678606,,,,,,,,,,
"Hicks, Jordan",663855,,,,,,,,,,
"Birdsong, Hayden",806185,,,,,,,,,,
"Abreu, Bryan",650556,,,,,,,,,,
"Smith, Cade",671922,,,,,,,,,,
"Whitlock, Garrett",676477,,,,,,,,,,
"Uribe, Abner",682842,,,,,,,,,,
"Misiorowski, Jacob",694819,,,,,,,,,,
"Olson, Reese",681857,,,,,,,,,,
"Matz, Steven",571927,,,,,,,,,,
"Holton, Tyler",663947,,,,,,,,,,
"Rodríguez, Yariel",684320,,,,,,,,,,
"Henriquez, Ronny",678692,,,,,,,,,,
"Anderson, Grant",681982,,,,,,,,,,
"Milner, Hoby",571948,,,,,,,,,,
"Darvish, Yu",506433,,,,,,,,,,
"McCullers Jr., Lance",621121,,,,,,,,,,
"Dreyer, Jack",676263,,,,,,,,,,
"Sheehan, Emmet",686218,,,,,,,,,,
"Sands, Cole",663485,,,,,,,,,,
"Bachar, Lake",669199,,,,,,,,,,
"Francis, Bowden",670102,,,,,,,,,,
"Peralta, Wandy",593974,,,,,,,,,,
"Vest, Will",676684,,,,,,,,,,
"Leasure, Jordan",673929,,,,,,,,,,
"Eflin, Zach",621107,,,,,,,,,,
"Rocker, Kumar",677958,,,,,,,,,,
"Hoffman, Jeff",656546,,,,,,,,,,
"Harris, Hogan",663687,,,,,,,,,,
"Armstrong, Shawn",542888,,,,,,,,,,
"Suter, Brent",608718,,,,,,,,,,
"Williams, Devin",642207,,,,,,,,,,
"Phillips, Tyler",663969,,,,,,,,,,
"Keller, Brad",641745,,,,,,,,,,
"De Los Santos, Enyel",660853,,,,,,,,,,
"Doval, Camilo",666808,,,,,,,,,,
"Lee, Dylan",669276,,,,,,,,,,
"Baker, Bryan",641329,,,,,,,,,,
"Ashcraft, Braxton",677952,,,,,,,,,,
"Domínguez, Seranthony",622554,,,,,,,,,,
"Gómez, Yoendrys",672782,,,,,,,,,,
"Zerpa, Angel",672582,,,,,,,,,,
"Buttó, José",676130,,,,,,,,,,
"Manaea, Sean",640455,,,,,,,,,,
"Vargas, Carlos",672841,,,,,,,,,,
"Jax, Griffin",643377,,,,,,,,,,
"Sterner, Justin",686993,,,,,,,,,,
"Wrobleski, Justin",680736,,,,,,,,,,
"Montero, Rafael",606160,,,,,,,,,,
"Lynch IV, Daniel",663738,,,,,,,,,,
"Adam, Jason",592094,,,,,,,,,,
"Banks, Tanner",621383,,,,,,,,,,
"Detmers, Reid",672282,,,,,,,,,,
"Ragans, Cole",666142,,,,,,,,,,
"Suarez, Robert",663158,,,,,,,,,,
"Mejia, Juan",675848,,,,,,,,,,
"Duran, Jhoan",661395,,,,,,,,,,
"Kerkering, Orion",689147,,,,,,,,,,
"Weissert, Greg",669711,,,,,,,,,,
"Pagán, Emilio",641941,,,,,,,,,,
"Díaz, Edwin",621242,,,,,,,,,,
"Varland, Louis",686973,,,,,,,,,,
"Banda, Anthony",607455,,,,,,,,,,
"Stanek, Ryne",592773,,,,,,,,,,
"Matsui, Yuki",673513,,,,,,,,,,
"Alcala, Jorge",660896,,,,,,,,,,
"Akin, Keegan",669211,,,,,,,,,,
"Faucher, Calvin",676534,,,,,,,,,,
"Hurter, Brant",676428,,,,,,,,,,
"Okert, Steven",595345,,,,,,,,,,
"Weaver, Luke",596133,,,,,,,,,,
"Gaddis, Hunter",683769,,,,,,,,,,
"Schreiber, John",670167,,,,,,,,,,
"King, Bryan",687911,,,,,,,,,,
"Estévez, Carlos",608032,,,,,,,,,,
"Koenig, Jared",657649,,,,,,,,,,
"Ferguson, Caleb",657571,,,,,,,,,,
"Meyer, Max",676974,,,,,,,,,,
"Ashcraft, Graham",668933,,,,,,,,,,
"Kahnle, Tommy",592454,,,,,,,,,,
"Muñoz, Andrés",662253,,,,,,,,,,
"Blalock, Bradley",687134,,,,,,,,,,
"Ashby, Aaron",676879,,,,,,,,,,
"Junis, Jakob",596001,,,,,,,,,,
"Soto, Gregory",642397,,,,,,,,,,
"Zeferjahn, Ryan",666171,,,,,,,,,,
"Snell, Blake",605483,,,,,,,,,,
"Bednar, David",670280,,,,,,,,,,
"Vesia, Alex",681911,,,,,,,,,,
"Chivilli, Angel",683409,,,,,,,,,,
"Walker, Ryan",676254,,,,,,,,,,
"Yarbrough, Ryan",642232,,,,,,,,,,
"Burke, Brock",656271,,,,,,,,,,
"Brazobán, Huascar",623211,,,,,,,,,,
"Burnes, Corbin",669203,,,,,,,,,,
"Maton, Phil",664208,,,,,,,,,,
"Santana, Dennis",642701,,,,,,,,,,
"Allard, Kolby",663465,,,,,,,,,,
"Morejon, Adrian",670970,,,,,,,,,,
"Gomber, Austin",596295,,,,,,,,,,
"Seymour, Ian",693855,,,,,,,,,,
"Strahm, Matt",621381,,,,,,,,,,
"Romero, JoJo",668941,,,,,,,,,,
"Ferguson, Tyler",621053,,,,,,,,,,
"Fairbanks, Pete",664126,,,,,,,,,,
"Cano, Yennier",666974,,,,,,,,,,
"Garrett, Reed",657585,,,,,,,,,,
"Helsley, Ryan",664854,,,,,,,,,,
"Topa, Justin",623437,,,,,,,,,,
"Rogers, Tyler",643511,,,,,,,,,,
"Webb, Jacob",657097,,,,,,,,,,
"Wilson, Steven",621051,,,,,,,,,,
"Garcia, Robert",676395,,,,,,,,,,
"Miller, Mason",695243,,,,,,,,,,
"Gil, Luis",661563,,,,,,,,,,
"Johnson, Pierce",572955,,,,,,,,,,
"Henry, Cole",669371,,,,,,,,,,
"Woodruff, Brandon",605540,,,,,,,,,,
"Iglesias, Raisel",628452,,,,,,,,,,
"Svanson, Matt",694335,,,,,,,,,,
"Erceg, Lucas",668674,,,,,,,,,,
"Bird, Jake",656234,,,,,,,,,,
"Hanifee, Brenan",669724,,,,,,,,,,
"Young, Brandon",687064,,,,,,,,,,
"Boyle, Joe",671212,,,,,,,,,,
"Ureña, José",570632,,,,,,,,,,
"Bummer, Aaron",607481,,,,,,,,,,
"Dobbins, Hunter",690928,,,,,,,,,,
"Speier, Gabe",642100,,,,,,,,,,
"Vodnik, Victor",680767,,,,,,,,,,
"Chapman, Aroldis",547973,,,,,,,,,,
"Beeks, Jalen",656222,,,,,,,,,,
"Scott, Tanner",656945,,,,,,,,,,
"Gibson, Cade",806188,,,,,,,,,,
"Pérez, Martín",527048,,,,,,,,,,
"Hill, Tim",657612,,,,,,,,,,
"García, Luis",472610,,,,,,,,,,
"Rogers, Taylor",573124,,,,,,,,,,
"Festa, David",701581,,,,,,,,,,
"Jobe, Jackson",695549,,,,,,,,,,
"Cleavinger, Garrett",664076,,,,,,,,,,
"Jansen, Kenley",445276,,,,,,,,,,
"Clarke, Taylor",664199,,,,,,,,,,
"Ross, Joe",605452,,,,,,,,,,
"Waldrep, Hurston",694462,,,,,,,,,,
"Legumina, Casey",668984,,,,,,,,,,
"Montgomery, Mason",682254,,,,,,,,,,
"Fluharty, Mason",689254,,,,,,,,,,
"Wilson, Bryse",669060,,,,,,,,,,
"Hader, Josh",623352,,,,,,,,,,
"Finnegan, Kyle",640448,,,,,,,,,,
"Mears, Nick",683232,,,,,,,,,,
"Trivino, Lou",642152,,,,,,,,,,
"Palencia, Daniel",694037,,,,,,,,,,
"Brogdon, Connor",641401,,,,,,,,,,
"Thielbar, Caleb",573204,,,,,,,,,,
"Gilbert, Tyler",656457,,,,,,,,,,
"Bernardino, Brennan",657514,,,,,,,,,,
"Fisher, Braydon",680755,,,,,,,,,,
"Leiter Jr., Mark",643410,,,,,,,,,,
"Myers, Tobias",668964,,,,,,,,,,
"Brash, Matt",666374,,,,,,,,,,
"Morales, Luis",806960,,,,,,,,,,
"Festa, Matt",670036,,,,,,,,,,
"Beck, Tristan",663941,,,,,,,,,,
"Wilson, Justin",458677,,,,,,,,,,
"Walter, Brandon",687888,,,,,,,,,,
"Rodríguez, Randy",678495,,,,,,,,,,
"Pomeranz, Drew",519141,,,,,,,,,,
"Blanco, Ronel",669854,,,,,,,,,,
"Cruz, Fernando",518585,,,,,,,,,,
"Cavalli, Cade",676917,,,,,,,,,,
"Ort, Kaleb",672391,,,,,,,,,,
"Long, Sam",669674,,,,,,,,,,
"Bender, Anthony",669622,,,,,,,,,,
"Jackson, Luke",592426,,,,,,,,,,
"King, John",667463,,,,,,,,,,
"Carrasco, Carlos",471911,,,,,,,,,,
"Mattson, Isaac",676755,,,,,,,,,,
"Knack, Landon",689017,,,,,,,,,,
"Kittredge, Andrew",552640,,,,,,,,,,
"Morgan, David",688158,,,,,,,,,,
"Alvarado, Elvis",665660,,,,,,,,,,
"Burns, Chase",695505,,,,,,,,,,
"Yates, Kirby",489446,,,,,,,,,,
"Hernández, Carlos",672578,,,,,,,,,,
"O'Brien, Riley",676617,,,,,,,,,,
"Graceffo, Gordon",700669,,,,,,,,,,
"Megill, Trevor",656730,,,,,,,,,,
"Ohtani, Shohei",660271,,,,,,,,,,
"Herrin, Tim",682120,,,,,,,,,,
"Houck, Tanner",656557,,,,,,,,,,
"Clase, Emmanuel",661403,,,,,,,,,,
"Boushley, Caleb",676961,,,,,,,,,,
"Enns, Dietrich",608650,,,,,,,,,,
"McLean, Nolan",690997,,,,,,,,,,
"Fitts, Richard",690916,,,,,,,,,,
"Sousa, Bennett",656986,,,,,,,,,,
"Bowlan, Jonathan",680742,,,,,,,,,,
"Funderburk, Kody",681892,,,,,,,,,,
"Englert, Mason",669438,,,,,,,,,,
"Abel, Mick",690953,,,,,,,,,,
"Lively, Ben",594902,,,,,,,,,,
"Coulombe, Danny",543056,,,,,,,,,,
"Hernández, Daysbel",678226,,,,,,,,,,
"Cabrera, Génesis",650893,,,,,,,,,,
"Smith-Shawver, AJ",700363,,,,,,,,,,
"Blewett, Scott",656240,,,,,,,,,,
"Green, Chad",643338,,,,,,,,,,
"Montas, Frankie",593423,,,,,,,,,,
"Palmquist, Carson",687223,,,,,,,,,,
"Stroman, Marcus",573186,,,,,,,,,,
"Miller, Shelby",571946,,,,,,,,,,
"Romano, Jordan",605447,,,,,,,,,,
"Soriano, George",666277,,,,,,,,,,
"Shugart, Chase",663767,,,,,,,,,,
"Hart, Kyle",606996,,,,,,,,,,
"Orze, Eric",679358,,,,,,,,,,
"Rolison, Ryan",669020,,,,,,,,,,
"Richardson, Lyon",680689,,,,,,,,,,
"Ogasawara, Shinnosuke",829272,,,,,,,,,,
"Flexen, Chris",623167,,,,,,,,,,
"Blackburn, Paul",621112,,,,,,,,,,
"Oviedo, Johan",670912,,,,,,,,,,
"Adams, Travis",701519,,,,,,,,,,
"Pressly, Ryan",519151,,,,,,,,,,
"Kelly, Michael",547184,,,,,,,,,,
"Melton, Troy",675512,,,,,,,,,,
"Thornton, Trent",663423,,,,,,,,,,
"Nicolas, Kyle",693312,,,,,,,,,,
"Thompson, Ryan",657044,,,,,,,,,,
"Lazar, Max",676661,,,,,,,,,,
"Bieber, Shane",669456,,,,,,,,,,
"Fermin, José",820862,,,,,,,,,,
"Cruz, Steven",674444,,,,,,,,,,
"Weathers, Ryan",677960,,,,,,,,,,
"Hamilton, Ian",641656,,,,,,,,,,
"Martin, Chris",455119,,,,,,,,,,
"Perkins, Jack",678022,,,,,,,,,,
"Halvorsen, Seth",678020,,,,,,,,,,
"DeSclafani, Anthony",543101,,,,,,,,,,
"Lucchesi, Joey",664192,,,,,,,,,,
"Bautista, Félix",642585,,,,,,,,,,
"Messick, Parker",800048,,,,,,,,,,
"Woodford, Jake",663765,,,,,,,,,,
"Hodge, Porter",687863,,,,,,,,,,
"Sasaki, Roki",808963,,,,,,,,,,
"Seymour, Carson",693313,,,,,,,,,,
"Winn, Cole",668390,,,,,,,,,,
"Arrighetti, Spencer",681293,,,,,,,,,,
"Javier, Cristian",664299,,,,,,,,,,
"Morillo, Juan",666661,,,,,,,,,,
"Chafin, Andrew",605177,,,,,,,,,,
"Simpson, Josh",681006,,,,,,,,,,
"Stewart, Brock",592779,,,,,,,,,,
"Taylor, Grant",691799,,,,,,,,,,
"Gonsolin, Tony",664062,,,,,,,,,,
"Molina, Anthony",683627,,,,,,,,,,
"Ramírez, Yohan",670990,,,,,,,,,,
"Lee, Chase",695445,,,,,,,,,,
"Cortes, Nestor",641482,,,,,,,,,,
"Borucki, Ryan",621366,,,,,,,,,,
"De los Santos, Yerry",660787,,,,,,,,,,
"Kelly, Kevin",687330,,,,,,,,,,
"Hall, DL",669084,,,,,,,,,,
"Harrison, Kyle",690986,,,,,,,,,,
"Garcia, Rico",670329,,,,,,,,,,
"Jacob, Alek",689690,,,,,,,,,,
"Hatch, Thomas",641672,,,,,,,,,,
"Kelly, Zack",677161,,,,,,,,,,
"Teng, Kai-Wei",678906,,,,,,,,,,
"Booser, Cam",592155,,,,,,,,,,
"Murphy, Chris",669684,,,,,,,,,,
"Assad, Javier",665871,,,,,,,,,,
"Dana, Caden",702674,,,,,,,,,,
"Dubin, Shawn",681869,,,,,,,,,,
"Neris, Héctor",593576,,,,,,,,,,
"Hoglund, Gunnar",680684,,,,,,,,,,
"Curtiss, John",595928,,,,,,,,,,
"Salazar, Eduardo",674285,,,,,,,,,,
"Ohl, Pierson",701487,,,,,,,,,,
"Castillo, José",620454,,,,,,,,,,
"Scott, Tayler",605463,,,,,,,,,,
"Dodd, Dylan",689266,,,,,,,,,,
"Crismatt, Nabil",622503,,,,,,,,,,
"Enright, Nic",663671,,,,,,,,,,
"Gage, Matt",657424,,,,,,,,,,
"Kranick, Max",668820,,,,,,,,,,
"Agnos, Zach",688642,,,,,,,,,,
"Fernandez, Ryan",681676,,,,,,,,,,
"Feltner, Ryan",663372,,,,,,,,,,
"Wolfram, Grant",664991,,,,,,,,,,
"Waddell, Brandon",663399,,,,,,,,,,
"Sauer, Matt",669422,,,,,,,,,,
"Treinen, Blake",595014,,,,,,,,,,
"Wesneski, Hayden",669713,,,,,,,,,,
"Blubaugh, AJ",805123,,,,,,,,,,
"Sabrowski, Erik",681870,,,,,,,,,,
"Brown, McCade",685326,,,,,,,,,,
"Ribalta, Orlando",687377,,,,,,,,,,
"Pilkington, Konnor",663455,,,,,,,,,,
"Slaten, Justin",686580,,,,,,,,,,
"Reynolds, Sean",669308,,,,,,,,,,
"Bradish, Kyle",680694,,,,,,,,,,
"Holderman, Colin",670059,,,,,,,,,,
"Ginkel, Kevin",656464,,,,,,,,,,
"Mazur, Adam",800049,,,,,,,,,,
"Hill, Jaden",677955,,,,,,,,,,
"Miller, Erik",669062,,,,,,,,,,
"Veneziano, Anthony",685107,,,,,,,,,,
"Snider, Collin",676092,,,,,,,,,,
"Gillispie, Connor",687362,,,,,,,,,,
"Brubaker, JT",664141,,,,,,,,,,
"Loáisiga, Jonathan",642528,,,,,,,,,,
"Beeter, Clayton",690925,,,,,,,,,,
"Gipson-Long, Sawyer",687830,,,,,,,,,,
"Chandler, Bubba",696149,,,,,,,,,,
"Nance, Tommy",667297,,,,,,,,,,
"Fulmer, Carson",608334,,,,,,,,,,
"Brzykcy, Zach",694350,,,,,,,,,,
"Brebbia, John",605154,,,,,,,,,,
"Alvarado, José",621237,,,,,,,,,,
"Altavilla, Dan",656186,,,,,,,,,,
"Payamps, Joel",606303,,,,,,,,,,
"Schultz, Paxton",687606,,,,,,,,,,
"Bowman, Matt",621199,,,,,,,,,,
"Lucas, Easton",687922,,,,,,,,,,
"Pérez, Cionel",672335,,,,,,,,,,
"Peralta, Luis",678821,,,,,,,,,,
"Rodríguez, Manuel",655889,,,,,,,,,,
"Barnett, Mason",686930,,,,,,,,,,
"Backhus, Kyle",679775,,,,,,,,,,
"Saalfrank, Andrew",685314,,,,,,,,,,
"Cox, Austin",680735,,,,,,,,,,
"Poulin, PJ",676571,,,,,,,,,,
"Alvarez, Andrew",674841,,,,,,,,,,
"Mey, Luis",682825,,,,,,,,,,
"Stratton, Chris",608717,,,,,,,,,,
"Henderson, Logan",701656,,,,,,,,,,
"Jarvis, Bryce",686826,,,,,,,,,,
"Whisenhunt, Carson",687931,,,,,,,,,,
"Strowd, Kade",669704,,,,,,,,,,
"Brieske, Beau",689225,,,,,,,,,,
"Farris, Mitch",815083,,,,,,,,,,
"Brasier, Ryan",518489,,,,,,,,,,
"Tonkin, Michael",543859,,,,,,,,,,
"Roycroft, Chris",688297,,,,,,,,,,
"Murdock, Noah",668716,,,,,,,,,,
"Raley, Brooks",548384,,,,,,,,,,
"Gibaut, Ian",664139,,,,,,,,,,
"Sulser, Cole",642121,,,,,,,,,,
"López, Jorge",605347,,,,,,,,,,
"Hagenman, Justin",663795,,,,,,,,,,
"Kriske, Brooks",621139,,,,,,,,,,
"Phillips, Connor",683175,,,,,,,,,,
"Holman, Grant",680880,,,,,,,,,,
"Dunning, Dane",641540,,,,,,,,,,
"Tong, Jonah",804636,,,,,,,,,,
"González, Wikelman",682790,,,,,,,,,,
"Headrick, Brent",687396,,,,,,,,,,
"Díaz, Alexis",664747,,,,,,,,,,
"Granillo, Andre",701552,,,,,,,,,,
"García, Yimi",554340,,,,,,,,,,
"Merryweather, Julian",657240,,,,,,,,,,
"Zastryzny, Rob",642239,,,,,,,,,,
"Stratton, Hunter",676702,,,,,,,,,,
"Wells, Tyler",669330,,,,,,,,,,
"Rodríguez, Elvin",660730,,,,,,,,,,
"Bachman, Sam",696147,,,,,,,,,,
"Martin, Corbin",656686,,,,,,,,,,
"Strickland, Hunter",519326,,,,,,,,,,
"Moll, Sam",594580,,,,,,,,,,
"Ellard, Fraser",686642,,,,,,,,,,
"Sisk, Evan",681895,,,,,,,,,,
"Petersen, Michael",656848,,,,,,,,,,
"Curvelo, Luis",681168,,,,,,,,,,
"Graveman, Kendall",608665,,,,,,,,,,
"Early, Connelly",813349,,,,,,,,,,
"Rashi, Taylor",688497,,,,,,,,,,
"Hudson, Bryan",663542,,,,,,,,,,
"Sewald, Paul",623149,,,,,,,,,,
"Peguero, Joel",666711,,,,,,,,,,
"Mederos, Victor",682989,,,,,,,,,,
"Hiraldo, Yaramil",682274,,,,,,,,,,
"Alexander, Scott",518397,,,,,,,,,,
"Steele, Justin",657006,,,,,,,,,,
"Tidwell, Blade",694918,,,,,,,,,,
"Kent, Zak",687849,,,,,,,,,,
"Klein, Will",694361,,,,,,,,,,
"Tolle, Payton",801139,,,,,,,,,,
"Tinoco, Jesus",622786,,,,,,,,,,
"Robertson, David",502085,,,,,,,,,,
"Aldegheri, Sam",691951,,,,,,,,,,
"Ruiz, José",614179,,,,,,,,,,
"Eder, Jake",671109,,,,,,,,,,
"Mayza, Tim",641835,,,,,,,,,,
"McGough, Scott",543518,,,,,,,,,,
"Suarez, José",660761,,,,,,,,,,
"Fuentes, Didier",800311,,,,,,,,,,
"Sproat, Brandon",687075,,,,,,,,,,
"Sandlin, Nick",680704,,,,,,,,,,
"Guerrero, Luis",692285,,,,,,,,,,
"Moreta, Dauri",664294,,,,,,,,,,
"Kowar, Jackson",663804,,,,,,,,,,
"Shuster, Jared",694363,,,,,,,,,,
"Pearson, Nate",663878,,,,,,,,,,
"Gibson, Kyle",502043,,,,,,,,,,
"Henriquez, Edgardo",683618,,,,,,,,,,
"Sims, Lucas",608371,,,,,,,,,,
"Garcia, Brandyn",805299,,,,,,,,,,
"Criswell, Cooper",681867,,,,,,,,,,
"Lawrence, Casey",596271,,,,,,,,,,
"Johnson, Ryan",696270,,,,,,,,,,
"McFarland, T.J.",519008,,,,,,,,,,
"Lawrence, Justin",664875,,,,,,,,,,
"Martinez, Justin",679885,,,,,,,,,,
"Devenski, Chris",606965,,,,,,,,,,
"Whitley, Forrest",666215,,,,,,,,,,
"Lara, Andry",691251,,,,,,,,,,
"Robert, Daniel",642016,,,,,,,,,,
"Hjelle, Sean",663546,,,,,,,,,,
"Davis, Noah",663562,,,,,,,,,,
"Núñez, Eduarniel",674384,,,,,,,,,,
"Zuber, Tyler",676604,,,,,,,,,,
"Spiers, Carson",686730,,,,,,,,,,
"Hoffmann, Andrew",694851,,,,,,,,,,
"Poche, Colin",621363,,,,,,,,,,
"Anderson, Nick",623433,,,,,,,,,,
"Yesavage, Trey",702056,,,,,,,,,,
"Thompson, Mason",666168,,,,,,,,,,
"Saucedo, Tayler",642048,,,,,,,,,,
"Murfee, Penn",682171,,,,,,,,,,
"Hendriks, Liam",521230,,,,,,,,,,
"Kopech, Michael",656629,,,,,,,,,,
"Loutos, Ryan",702795,,,,,,,,,,
"Kimbrel, Craig",518886,,,,,,,,,,
"Muñoz, Roddery",682610,,,,,,,,,,
"Leclerc, José",600917,,,,,,,,,,
"Bigge, Hunter",685801,,,,,,,,,,
"Horn, Bailey",690544,,,,,,,,,,
"Contreras, Luis",664351,,,,,,,,,,
"McGee, Easton",668834,,,,,,,,,,
"Lovelady, Richard",663992,,,,,,,,,,
"Hernandez, Nick",663321,,,,,,,,,,
"Burgos, Juan",686228,,,,,,,,,,
"Bruihl, Justin",677865,,,,,,,,,,
"Avila, Luinder",679883,,,,,,,,,,
"Wicks, Jordan",696136,,,,,,,,,,
"Anderson, Shaun",641312,,,,,,,,,,
"Herget, Kevin",643361,,,,,,,,,,
"Johnson, Seth",686751,,,,,,,,,,
"Selby, Colin",681882,,,,,,,,,,
"Silseth, Chase",681217,,,,,,,,,,
"McDonald, Trevor",686790,,,,,,,,,,
"Gray, Jon",592351,,,,,,,,,,
"Rodriguez, Carlos",692230,,,,,,,,,,
"Winckowski, Josh",670174,,,,,,,,,,
"Arias, Luarbert",678215,,,,,,,,,,
"Basso, Brady",669620,,,,,,,,,,
"Miley, Wade",489119,,,,,,,,,,
"Anderson, Ian",666120,,,,,,,,,,
"Rainey, Tanner",663432,,,,,,,,,,
"Harrington, Thomas",802419,,,,,,,,,,
"Contreras, Roansy",672710,,,,,,,,,,
"McDermott, Chayce",694646,,,,,,,,,,
"Mantiply, Joe",573009,,,,,,,,,,
"McDaniels, Garrett",680729,,,,,,,,,,
"Peguero, Elvis",665625,,,,,,,,,,
"Bowden, Ben",641386,,,,,,,,,,
"Darnell, Dugan",699911,,,,,,,,,,
"Estes, Joey",683155,,,,,,,,,,
"Lao, Sauryn",666659,,,,,,,,,,
"Minter, A.J.",621345,,,,,,,,,,
"Seabold, Connor",657756,,,,,,,,,,
"Daniel, Davis",669721,,,,,,,,,,
"Núñez, Dedniel",673380,,,,,,,,,,
"VanWey, Logan",701121,,,,,,,,,,
"Murray, Jayden",681151,,,,,,,,,,
"Yoho, Craig",684974,,,,,,,,,,
"Rangel, Alan",660604,,,,,,,,,,
"Suárez, Albert",544150,,,,,,,,,,
"Hollowell, Gavin",668970,,,,,,,,,,
"Chavez, Jesse",445926,,,,,,,,,,
"Winans, Allan",642216,,,,,,,,,,
"Hill, Rich",448179,,,,,,,,,,
"Maeda, Kenta",628317,,,,,,,,,,
"Petty, Chase",695534,,,,,,,,,,
"Castillo, Luis F.",622379,,,,,,,,,,
"Harvey, Hunter",640451,,,,,,,,,,
"Winn, Keaton",676775,,,,,,,,,,
"Maxwell, Zach",687209,,,,,,,,,,
"Smith, Dylan",681916,,,,,,,,,,
"Marinaccio, Ron",676760,,,,,,,,,,
"Young, Danny",664849,,,,,,,,,,
"Ramírez, Erasmo",541640,,,,,,,,,,
"Darrell-Hicks, Michael",690382,,,,,,,,,,
"Puk, A.J.",640462,,,,,,,,,,
"Effross, Scott",664123,,,,,,,,,,
"Guenther, Sean",674944,,,,,,,,,,
"Scholtens, Jesse",669947,,,,,,,,,,
"Peralta, Sammy",671111,,,,,,,,,,
"Sanders, Cam",676742,,,,,,,,,,
"Stephenson, Robert",596112,,,,,,,,,,
"Barnes, Jacob",606930,,,,,,,,,,
"Warren, Austin",681810,,,,,,,,,,
"Rock, Joe",697812,,,,,,,,,,
"Roberts, Ethan",681799,,,,,,,,,,
"Suero, Wander",593833,,,,,,,,,,
"Zulueta, Yosver",691172,,,,,,,,,,
"Tate, Dillon",622253,,,,,,,,,,
"Taylor, Troy",700187,,,,,,,,,,
"Gervase, Paul",801434,,,,,,,,,,
"Morgan, Eli",669212,,,,,,,,,,
"Santos, Gregory",666619,,,,,,,,,,
"Hoeing, Bryan",663773,,,,,,,,,,
"Tarnok, Freddy",676206,,,,,,,,,,
"Maldonado, Anthony",687424,,,,,,,,,,
"Van Belle, Brian",687003,,,,,,,,,,
"Swanson, Erik",657024,,,,,,,,,,
"Matzek, Tyler",554431,,,,,,,,,,
"Rodriguez, Bradgley",699134,,,,,,,,,,
"Pop, Zach",647315,,,,,,,,,,
"Turnbull, Spencer",605513,,,,,,,,,,
"McKenzie, Triston",663474,,,,,,,,,,
"Otañez, Michel",671305,,,,,,,,,,
"Garabito, Gerson",642520,,,,,,,,,,
"Martinez, Seth",661527,,,,,,,,,,
"Thomas, Connor",671162,,,,,,,,,,
"Estrada, Lazaro",681751,,,,,,,,,,
"White, Owen",669391,,,,,,,,,,
"Miller, Bobby",676272,,,,,,,,,,
"Richards, Trevor",670950,,,,,,,,,,
"Misiewicz, Anthony",664948,,,,,,,,,,
"Clevinger, Mike",605182,,,,,,,,,,
"Gillaspie, Logan",670810,,,,,,,,,,
"Campbell, Isaiah",663462,,,,,,,,,,
"Hartlieb, Geoff",664129,,,,,,,,,,
"Henry, Tommy",674072,,,,,,,,,,
"Nikhazy, Doug",680951,,,,,,,,,,
"Garcia, Luis",677651,,,,,,,,,,
"Castro, Miguel",612434,,,,,,,,,,
"Waldron, Matt",663362,,,,,,,,,,
"Gasser, Robert",688107,,,,,,,,,,
"De León, José",592254,,,,,,,,,,
"La Sorsa, Joe",686747,,,,,,,,,,
"Mena, Cristian",691441,,,,,,,,,,
"Church, Marc",687847,,,,,,,,,,
"Weems, Jordan",607179,,,,,,,,,,
"Ragsdale, Carson",685068,,,,,,,,,,
"López, Reynaldo",625643,,,,,,,,,,
"Laweryson, Cody",689520,,,,,,,,,,
"Phillips, Evan",623465,,,,,,,,,,
"Walker, Josh",677020,,,,,,,,,,
"Zimmermann, Bruce",669145,,,,,,,,,,
"Fulmer, Michael",605242,,,,,,,,,,
"Edwards Jr., Carl",605218,,,,,,,,,,
"Heuer, Codi",676051,,,,,,,,,,
"Monteverde, Patrick",687287,,,,,,,,,,
"Garza, Justin",621057,,,,,,,,,,
"McCaughan, Darren",670766,,,,,,,,,,
"Mercado, Michael",675650,,,,,,,,,,
"Carrillo, Alex",692024,,,,,,,,,,
"Burdi, Nick",595897,,,,,,,,,,
"Adcock, Ty",686654,,,,,,,,,,
"Cruz, Omar",678316,,,,,,,,,,
"Feyereisen, J.P.",656420,,,,,,,,,,
"Morán, Jovani",663558,,,,,,,,,,
"Dobnak, Randy",677976,,,,,,,,,,
"Hahn, Jesse",534910,,,,,,,,,,
"Sommers, Drew",805427,,,,,,,,,,
"Muñoz, Rolddy",691548,,,,,,,,,,
"Fernández, Julian",642759,,,,,,,,,,
"Little, Luke",681432,,,,,,,,,,
"France, J.P.",641585,,,,,,,,,,
"Black, Mason",696131,,,,,,,,,,
"Perdomo, Angel",622780,,,,,,,,,,
"Krook, Matt",640454,,,,,,,,,,
"Abner, Philip",691769,,,,,,,,,,
"Freeman, Caleb",673965,,,,,,,,,,
"Joyce, Ben",690829,,,,,,,,,,
"Poteet, Cody",547001,,,,,,,,,,
"Owens, Tyler",687074,,,,,,,,,,
"Cosgrove, Tom",676680,,,,,,,,,,
"Gerber, Joey",680702,,,,,,,,,,
"Brigham, Jeff",656257,,,,,,,,,,
"Piña, Robinson",673820,,,,,,,,,,
"Díaz, Yilber",700270,,,,,,,,,,
"Thompson, Zach",605507,,,,,,,,,,
"Stock, Robert",476594,,,,,,,,,,
"Curry, Xzavion",675540,,,,,,,,,,
"Urquidy, José",664353,,,,,,,,,,
"Jameson, Drey",686753,,,,,,,,,,
"Hernández, Enrique",571771,,,,,,,,,,
"Harris, Hayden",802686,,,,,,,,,,
"Castaño, Blas",680604,,,,,,,,,,
"Wynne, Randy",691094,,,,,,,,,,
"de Geus, Brett",676969,,,,,,,,,,
"Montes De Oca, Christian",801216,,,,,,,,,,
"Barco, Hunter",682995,,,,,,,,,,
"Nelson, Kyle",669459,,,,,,,,,,
"Little, Jack",669193,,,,,,,,,,
"Ottavino, Adam",493603,,,,,,,,,,
"Quijada, José",650671,,,,,,,,,,
"Roa, Christian",685005,,,,,,,,,,
"Corniell, Jose",692030,,,,,,,,,,
"Peraza, Oswald",672724,,,,,,,,,,
"Bolton, Cody",675989,,,,,,,,,,
"Wilcox, Cole",677961,,,,,,,,,,
"Burr, Ryan",621114,,,,,,,,,,
"Toussaint, Touki",657053,,,,,,,,,,
"Pope, Austin",687166,,,,,,,,,,
"Sandridge, Jayvien",682144,,,,,,,,,,
"Walters, Andrew",689958,,,,,,,,,,
"Espada, Jose",664744,,,,,,,,,,
"Pintaro, Jonathan",702752,,,,,,,,,,
"Duran, Carlos",679922,,,,,,,,,,
"Raquet, Nick",675919,,,,,,,,,,
"Hoffman, Nolan",676510,,,,,,,,,,
"Díaz, Jhonathan",646242,,,,,,,,,,
"Wilson, Will",669717,,,,,,,,,,
"Bride, Jonah",681146,,,,,,,,,,
"Sanmartin, Reiver",665665,,,,,,,,,,
"Palisch, Jake",669449,,,,,,,,,,
"Wiles, Nathan",686249,,,,,,,,,,
"Kelly, Casey",543391,,,,,,,,,,
"Rooney, John",680701,,,,,,,,,,
"Acton, Garrett",670183,,,,,,,,,,
"Lange, Alex",656638,,,,,,,,,,
"Gilbreath, Lucas",656458,,,,,,,,,,
"McGuire, Reese",624512,,,,,,,,,,
"Porter, Logan",682515,,,,,,,,,,
"Sánchez, Ali",645305,,,,,,,,,,
"Fitzgerald, Ryan",680837,,,,,,,,,,
"Hamel, Dom",687589,,,,,,,,,,
"Trevino, Jose",624431,,,,,,,,,,
